{"cameraMode":{"drawMode":0,"name":"Shaded","section":"Shading Mode"},"sceneLighting":true,"audioPlay":false,"sceneViewState":{"showFog":true,"showMaterialUpdate":false,"showSkybox":true,"showFlares":true,"showImageEffects":true,"showParticleSystems":true},"in2DMode":false,"pivot":{"x":226.2955322265625,"y":136.84552001953126,"z":1.3701438903808594},"rotation":{"x":-0.00004649875336326659,"y":0.9992620944976807,"z":-0.0011990830535069109,"w":-0.03839145973324776},"size":33.04122543334961,"orthographic":true}